make,model
AC,Cobra
AC,Dax Cobra
AK,Cobra
Abarth,124 Spider
Abarth,500
Abarth,500C
Abarth,500e
Abarth,500e C
Abarth,595
Abarth,595C
Abarth,600e
Abarth,695
Abarth,695C
Abarth,Grande Punto
Abarth,Punto Evo
Aixam,Coupe
Alfa Romeo,145
Alfa Romeo,147
Alfa Romeo,156
Alfa Romeo,159
Alfa Romeo,159 Sportwagon
Alfa Romeo,164
Alfa Romeo,2000
Alfa Romeo,4C
Alfa Romeo,75
Alfa Romeo,8C
Alfa Romeo,Brera
Alfa Romeo,GT
Alfa Romeo,GTV
Alfa Romeo,Giulia
Alfa Romeo,Giulietta
Alfa Romeo,Junior
Alfa Romeo,MiTo
Alfa Romeo,Spider
Alfa Romeo,Stelvio
Alfa Romeo,Tonale
Allard,L Type Tourer
Alpine,A110
Alpine,A290
Alvis,Ellis Tourer
Ariel,Atom
Ariel,Atom 4
Ariel,Nomad
Aston Martin,Cygnet
Aston Martin,DB AR1
Aston Martin,DB11
Aston Martin,DB12
Aston Martin,DB2
Aston Martin,DB4
Aston Martin,DB5
Aston Martin,DB6
Aston Martin,DB7
Aston Martin,DB9
Aston Martin,DBS
Aston Martin,DBX
Aston Martin,Rapide
Aston Martin,Rapide S
Aston Martin,V12 Zagato
Aston Martin,V8
Aston Martin,Valkyrie
Aston Martin,Vanquish
Aston Martin,Vantage
Aston Martin,Vantage N400
Aston Martin,Virage
Aston Martin,Vulcan
Audi,100
Audi,80
Audi,90
Audi,A1
Audi,A2
Audi,A3
Audi,A3 Cabriolet
Audi,A4
Audi,A4 Allroad
Audi,A4 Avant
Audi,A4 Cabriolet
Audi,A5
Audi,A5 Avant
Audi,A5 Cabriolet
Audi,A6 Allroad
Audi,A6 Avant
Audi,A6 Saloon
Audi,A6 Unspecified
Audi,A6 e-tron Avant
Audi,A6 e-tron Sportback
Audi,A7
Audi,A8
Audi,Cabriolet
Audi,Coupe
Audi,Q2
Audi,Q3
Audi,Q4 e-tron
Audi,Q5
Audi,Q6 e-tron
Audi,Q7
Audi,Q8
Audi,Q8 e-tron
Audi,R8
Audi,RS Q3
Audi,RS e-tron GT
Audi,RS3
Audi,RS4
Audi,RS4 Avant
Audi,RS4 Cabriolet
Audi,RS5
Audi,RS6
Audi,RS6 Avant
Audi,RS7
Audi,RSQ8
Audi,S e-tron GT
Audi,S1
Audi,S3
Audi,S4
Audi,S4 Avant
Audi,S4 Cabriolet
Audi,S5
Audi,S5 Avant
Audi,S6 Avant
Audi,S6 Saloon
Audi,S6 e-tron Avant
Audi,S6 e-tron Sportback
Audi,S7
Audi,S8
Audi,SQ2
Audi,SQ5
Audi,SQ6 e-tron
Audi,SQ7
Audi,SQ8
Audi,TT
Audi,TT RS
Audi,TTS
Audi,a6
Audi,e-tron
Audi,e-tron GT
Audi,e-tron S
Audi,quattro
Austin,Ambassador
Austin,Healey
Austin,Maestro
Austin,Mini
Austin,Mini Cooper S
Austin,Mini Moke
Austin,Seven
Austin,Twelve
BAC,Mono
BMW,1 Series
BMW,1602
BMW,2 Series
BMW,2 Series Active Tourer
BMW,2 Series Gran Coupe
BMW,2 Series Gran Tourer
BMW,2002
BMW,3 Series
BMW,3 Series Gran Turismo
BMW,4 Series
BMW,4 Series Gran Coupe
BMW,5 Series
BMW,5 Series Gran Turismo
BMW,6 Series
BMW,6 Series Gran Coupe
BMW,6 Series Gran Turismo
BMW,7 Series
BMW,8 Series
BMW,8 Series Gran Coupe
BMW,Alpina B10
BMW,Alpina B3
BMW,Alpina B3 GT3
BMW,Alpina B4
BMW,Alpina B4 Gran Coupe
BMW,Alpina B5
BMW,Alpina B7
BMW,Alpina B8 Gran Coupe
BMW,Alpina D3
BMW,Alpina D5
BMW,Alpina Roadster
BMW,Alpina XB7
BMW,Alpina XD3
BMW,M2
BMW,M3
BMW,M4
BMW,M5
BMW,M6
BMW,M6 Gran Coupe
BMW,M8
BMW,M8 Gran Coupe
BMW,X1
BMW,X2
BMW,X3
BMW,X3 M
BMW,X4
BMW,X4 M
BMW,X5
BMW,X5 M
BMW,X6
BMW,X6 M
BMW,X7
BMW,XM
BMW,Z1
BMW,Z3
BMW,Z3 M
BMW,Z4
BMW,Z4 M
BMW,Z8
BMW,i3
BMW,i4
BMW,i5
BMW,i7
BMW,i8
BMW,iX
BMW,iX1
BMW,iX2
BMW,iX3
BYD,Atto 2
BYD,Atto 3
BYD,Dolphin
BYD,Dolphin Surf
BYD,Seal
BYD,Seal U
BYD,Sealion 7
Beauford,Open Tourer
Beauford,Series 3
Bentley,Arnage
Bentley,Azure
Bentley,Bentayga
Bentley,Brooklands
Bentley,Continental
Bentley,Eight
Bentley,Flying Spur
Bentley,Mulsanne
Bentley,Series III
Bentley,Turbo R
Bentley,Turbo RT
Bowler,Defender 90
Bugatti,Chiron
Bugatti,Type
Bugatti,Veyron
Buick,Skylark
CFMOTO,ZFORCE 1000 SPORT
CUPRA,Ateca
CUPRA,Born
CUPRA,Formentor
CUPRA,Leon
CUPRA,Tavascan
CUPRA,Terramar
Cadillac,Allante
Cadillac,CTS
Cadillac,De Ville
Cadillac,Escalade
Cadillac,STS
Caterham,CSR
Caterham,Seven
Caterham,Seven 170 R
Caterham,Seven 170 S
Caterham,Super Seven Convertible
Caterham,Super Seven Sports 2Dr
Changan,Deepal S07
Chery,Tiggo 7
Chery,Tiggo 8
Chesil,Speedster
Chevrolet,210
Chevrolet,3100
Chevrolet,Astro
Chevrolet,Aveo
Chevrolet,Belair
Chevrolet,C20
Chevrolet,Camaro
Chevrolet,Captiva
Chevrolet,Corvette
Chevrolet,Corvette E-Ray
Chevrolet,Corvette Stingray
Chevrolet,Corvette Z06
Chevrolet,Cruze
Chevrolet,GMC
Chevrolet,Kalos
Chevrolet,Lacetti
Chevrolet,Matiz
Chevrolet,Orlando
Chevrolet,SSR
Chevrolet,Silverado
Chevrolet,Spark
Chevrolet,Suburban
Chevrolet,Trax
Chevrolet,Volt
Chrysler,300C
Chrysler,Crossfire
Chrysler,Delta
Chrysler,Grand Voyager
Chrysler,Neon
Chrysler,PT Cruiser
Chrysler,Sebring
Chrysler,Voyager
Chrysler,Windsor
Chrysler,Ypsilon
Citroen,12/24 Touring
Citroen,2 CV
Citroen,Ami
Citroen,Berlingo
Citroen,C-Crosser
Citroen,C-Zero
Citroen,C1
Citroen,C2
Citroen,C3
Citroen,C3 Aircross
Citroen,C3 Picasso
Citroen,C3 Pluriel
Citroen,C4
Citroen,C4 Cactus
Citroen,C4 Picasso
Citroen,C4 SpaceTourer
Citroen,C4 X
Citroen,C5
Citroen,C5 Aircross
Citroen,C5 X
Citroen,C6
Citroen,C8
Citroen,DS3
Citroen,DS3 Cabrio
Citroen,DS4
Citroen,DS5
Citroen,Dispatch
Citroen,Grand C4 Picasso
Citroen,Grand C4 SpaceTourer
Citroen,Holidays
Citroen,Nemo Multispace
Citroen,Relay
Citroen,Saxo
Citroen,SpaceTourer
Citroen,Xsara
Citroen,Xsara Picasso
Citroen,e-Berlingo
Citroen,e-C3
Citroen,e-C3 Aircross
Citroen,e-C4
Citroen,e-C4 X
Citroen,e-C5 Aircross
Citroen,e-SpaceTourer
Corbin,Sparrow
Corvette,C7
Corvette,Stingray
Corvette,Z06
DFSK,Glory
DS AUTOMOBILES,DS 3
DS AUTOMOBILES,DS 3 CABRIO
DS AUTOMOBILES,DS 3 CROSSBACK
DS AUTOMOBILES,DS 4
DS AUTOMOBILES,DS 4 CROSSBACK
DS AUTOMOBILES,DS 5
DS AUTOMOBILES,DS 7
DS AUTOMOBILES,DS 7 CROSSBACK
DS AUTOMOBILES,DS 9
DS AUTOMOBILES,DS No4
DS AUTOMOBILES,DS No8
Dacia,Bigster
Dacia,Duster
Dacia,Jogger
Dacia,Logan MCV
Dacia,Logan MCV Stepway
Dacia,Sandero
Dacia,Sandero Stepway
Dacia,Spring
Daewoo,Kalos
Daewoo,Matiz
Daihatsu,Charade
Daihatsu,Copen
Daihatsu,Cuore
Daihatsu,Fourtrak
Daihatsu,Materia
Daihatsu,Move
Daihatsu,Sirion
Daihatsu,Tanto
Daihatsu,Terios
Daihatsu,YRV
Daimler,Double Six
Daimler,Majestic
Daimler,SP
Daimler,Saloon
Daimler,Six
Daimler,Sovereign
Daimler,V8-250
Daimler,XJ6
Datsun,Sunny
David Brown,Speedback GT
Dax,Rush
Dax,Tojeiro
De Tomaso,Pantera
Delorean,DMC-12
Dodge,Caliber
Dodge,Challenger
Dodge,Charger
Dodge,Grand Caravan
Dodge,Journey
Dodge,Magnum
Dodge,Nitro
Dodge,RAM
Dodge,Viper
E-COBRA,E-COBRA 2200W
Ferrari,12Cilindri
Ferrari,208
Ferrari,250
Ferrari,288
Ferrari,296 GTB
Ferrari,296 GTS
Ferrari,328
Ferrari,330
Ferrari,348
Ferrari,355 F1
Ferrari,360
Ferrari,430
Ferrari,456
Ferrari,456M
Ferrari,458
Ferrari,488
Ferrari,488 Challenge
Ferrari,488 Pista
Ferrari,512 BBI
Ferrari,550
Ferrari,575M
Ferrari,599
Ferrari,612
Ferrari,812 Competizione
Ferrari,812 GTS
Ferrari,812 Superfast
Ferrari,California
Ferrari,Daytona
Ferrari,Daytona SP3
Ferrari,Dino
Ferrari,Dino 246 GT
Ferrari,Dino 308 GT4
Ferrari,F12 Berlinetta
Ferrari,F12 tdf
Ferrari,F355
Ferrari,F430
Ferrari,F8 Spider
Ferrari,F8 Tributo
Ferrari,FF
Ferrari,GTC4Lusso
Ferrari,LaFerrari
Ferrari,Mondial
Ferrari,Monza SP1
Ferrari,Portofino
Ferrari,Portofino M
Ferrari,Purosangue
Ferrari,Roma
Ferrari,SF90 Spider
Ferrari,SF90 Stradale
Ferrari,SF90 XX Stradale
Ferrari,Scuderia Spider
Ferrari,Superamerica
Ferrari,Testarossa
Fiat,124 Spider
Fiat,500
Fiat,500 Topolino
Fiat,500C
Fiat,500L
Fiat,500X
Fiat,500X Dolcevita
Fiat,500e
Fiat,500e C
Fiat,600
Fiat,600e
Fiat,Barchetta
Fiat,Bravo
Fiat,Coupe
Fiat,Doblo
Fiat,Ducato
Fiat,E-Doblo
Fiat,Fiorino
Fiat,Fullback
Fiat,Grande Panda
Fiat,Grande Punto
Fiat,Idea
Fiat,Multipla
Fiat,Panda
Fiat,Punto
Fiat,Punto Evo
Fiat,Qubo
Fiat,Scudo
Fiat,Sedici
Fiat,Seicento
Fiat,Stilo
Fiat,Talento
Fiat,Tipo
Fisker,Ocean
Ford,Anglia
Ford,B-Max
Ford,Bronco
Ford,C-Max
Ford,Capri
Ford,Cougar
Ford,E-Tourneo Courier
Ford,E-Tourneo Custom
Ford,E-Transit Custom
Ford,EcoSport
Ford,Edge
Ford,Escort
Ford,Explorer
Ford,F1
Ford,F150
Ford,F350
Ford,Fiesta
Ford,Fiesta Van
Ford,Focus
Ford,Focus C-Max
Ford,Focus CC
Ford,Fusion
Ford,GT
Ford,Galaxy
Ford,Granada
Ford,Grand C-Max
Ford,Grand Tourneo Connect
Ford,Ka
Ford,Ka+
Ford,Kuga
Ford,Mercury
Ford,Model T
Ford,Mondeo
Ford,Mustang
Ford,Mustang Mach-E
Ford,Orion
Ford,Popular
Ford,Probe
Ford,Puma
Ford,Puma Gen-E
Ford,Ranchero
Ford,Ranger
Ford,S-Max
Ford,Scorpio
Ford,Sierra
Ford,Streetka
Ford,Tourneo Connect
Ford,Tourneo Courier
Ford,Tourneo Custom
Ford,Transit
Ford,Transit Connect
Ford,Transit Courier
Ford,Transit Custom
GMC,Sierra
GMC,Yukon
GWM,Funky Cat
GWM,Haval Jolion Pro
GWM,ORA 03
GWM,POER300
Geely,Geely EX5
Genesis,G70
Genesis,G80
Genesis,GV60
Genesis,GV70
Genesis,GV80
Ginetta,G40
Great Wall,Steed
Hillman,Husky
Honda,Accord
Honda,Beat
Honda,CR-V
Honda,CR-X
Honda,CR-Z
Honda,Civic
Honda,Concerto
Honda,Elysion
Honda,FR-V
Honda,Fit
Honda,Freed
Honda,HR-V
Honda,Honda E
Honda,Insight
Honda,Integra
Honda,Jazz
Honda,Legend
Honda,Life
Honda,Logo
Honda,N-Box
Honda,NSX
Honda,Odyssey
Honda,Prelude
Honda,S2000
Honda,S660
Honda,Stepwagon
Honda,Stream
Honda,ZR-V
Honda,e:Ny1
Humber,Super
Hummer,H1
Hummer,H2
Hummer,H3
Hyundai,Accent
Hyundai,Amica
Hyundai,Atoz
Hyundai,BAYON
Hyundai,Coupe
Hyundai,Elantra
Hyundai,Genesis
Hyundai,Getz
Hyundai,Grandeur
Hyundai,INSTER
Hyundai,IONIQ
Hyundai,IONIQ 5
Hyundai,IONIQ 6
Hyundai,IONIQ 9
Hyundai,KONA
Hyundai,Matrix
Hyundai,Santa Fe
Hyundai,Sonata
Hyundai,TUCSON
Hyundai,Terracan
Hyundai,Veloster
Hyundai,i10
Hyundai,i20
Hyundai,i30
Hyundai,i40
Hyundai,i800
Hyundai,ix20
Hyundai,ix35
INEOS,Grenadier
INEOS,Grenadier Quartermaster
Infiniti,EX
Infiniti,FX
Infiniti,G
Infiniti,M
Infiniti,Q30
Infiniti,Q50
Infiniti,Q60
Infiniti,Q70
Infiniti,QX30
Infiniti,QX70
Infiniti,Vettel
Isuzu,Bighorn
Isuzu,D-Max
Isuzu,Rodeo
Isuzu,TF
Isuzu,Trooper
Iveco,Daily
JAECOO,JAECOO 5
JAECOO,JAECOO 7
JBA,Falcon
Jaguar,E-PACE
Jaguar,E-Type
Jaguar,F-PACE
Jaguar,F-Type
Jaguar,I-PACE
Jaguar,Mark I
Jaguar,Mark II
Jaguar,Mark V
Jaguar,S-Type
Jaguar,X-Type
Jaguar,XE
Jaguar,XF
Jaguar,XFR-S
Jaguar,XJ
Jaguar,XJ220
Jaguar,XJR
Jaguar,XJR-S
Jaguar,XJS
Jaguar,XK
Jaguar,XK120
Jaguar,XK150
Jaguar,XK8
Jaguar,XKR
Jaguar,XKR-S
Jeep,Avenger
Jeep,Cherokee
Jeep,Commander
Jeep,Compass
Jeep,Gladiator
Jeep,Grand Cherokee
Jeep,Patriot
Jeep,Renegade
Jeep,Wrangler
Jensen,Interceptor
KGM,Actyon
KGM,Korando
KGM,Korando e-Motion
KGM,Musso
KGM,Rexton
KGM,Tivoli
KGM,Torres
KGM,Torres EVX
KTM,X-Bow
Kia,Carens
Kia,Ceed
Kia,Cerato
Kia,EV3
Kia,EV4
Kia,EV5
Kia,EV6
Kia,EV9
Kia,K4
Kia,Magentis
Kia,Mentor II
Kia,Niro
Kia,Optima
Kia,PV5
Kia,Picanto
Kia,ProCeed
Kia,Rio
Kia,Sedona
Kia,Sorento
Kia,Soul
Kia,Sportage
Kia,Stinger
Kia,Stonic
Kia,Venga
Kia,XCeed
Koenigsegg,Agera
Koenigsegg,Regera
LDV,MAXUS
LEVC,TX
Lada,1600
Lada,Niva
Lagonda,LG6 Roadster
Lamborghini,Aventador
Lamborghini,Countach
Lamborghini,Gallardo
Lamborghini,Huracan
Lamborghini,Jalpa
Lamborghini,Miura
Lamborghini,Murcielago
Lamborghini,Reventon
Lamborghini,Revuelto
Lamborghini,Silhouette
Lamborghini,Urus
Lancia,Beta
Lancia,Delta
Lancia,Stratos
Land Rover,110
Land Rover,90
Land Rover,Defender 110
Land Rover,Defender 130
Land Rover,Defender 90
Land Rover,Defender Unspecified
Land Rover,Discovery
Land Rover,Discovery 3
Land Rover,Discovery 4
Land Rover,Discovery Sport
Land Rover,Freelander
Land Rover,Freelander 2
Land Rover,Lightweight
Land Rover,Range Rover
Land Rover,Range Rover Evoque
Land Rover,Range Rover Sport
Land Rover,Range Rover Velar
Land Rover,Series I
Land Rover,Series II
Land Rover,Series III
Leapmotor,C10
Leapmotor,T03
Lexus,CT
Lexus,ES
Lexus,GS
Lexus,GS F
Lexus,IS
Lexus,IS F
Lexus,LBX
Lexus,LC
Lexus,LM
Lexus,LS
Lexus,LX
Lexus,NX
Lexus,RC
Lexus,RC F
Lexus,RX
Lexus,RX L
Lexus,RZ
Lexus,SC
Lexus,UX
Leyland,Mini
Lincoln,Navigator
Lister,Knobbly
Lister,Knobbly Continuation
London Taxis International,TX4
London Taxis International,TXI
Lotus,340R
Lotus,Elan
Lotus,Elan +2
Lotus,Eletre
Lotus,Elise
Lotus,Emeya
Lotus,Emira
Lotus,Esprit
Lotus,Evora
Lotus,Excel
Lotus,Exige
MAXUS,Mifa 7
MAXUS,Mifa 9
MAXUS,T60 MAX
MAXUS,T90EV
MAXUS,eTERRON 9
MEV,City
MG,Cyberster
MG,GS
MG,MG HS
MG,MG IM5
MG,MG IM6
MG,MG ZS
MG,MG3
MG,MG4
MG,MG5
MG,MG6
MG,MGA
MG,MGB
MG,MGB GT
MG,MGC
MG,MGF
MG,MGS5
MG,Metro
MG,Midget
MG,RV8
MG,TA
MG,TC
MG,TD
MG,TF
MG,ZR
MG,ZT
MG,ZT-T
MINI,Aceman
MINI,Clubman
MINI,Clubvan
MINI,Convertible
MINI,Cooper
MINI,Cooper Convertible
MINI,Countryman
MINI,Coupe
MINI,Electric Convertible
MINI,Electric Cooper
MINI,Electric Countryman
MINI,Electric Hatch
MINI,Hatch
MINI,Paceman
MINI,Roadster
MNR,Vortx
MOKE,56
MOKE,Electric
Mahindra,CJ5
Mahindra,Indian
Maserati,3200
Maserati,Biturbo
Maserati,Cambiocorsa
Maserati,Coupe
Maserati,Ghibli
Maserati,GranCabrio
Maserati,Gransport
Maserati,Granturismo
Maserati,Grecale
Maserati,Levante
Maserati,MC20
Maserati,Quattroporte
Maserati,Spyder
Maybach,57
Maybach,62
Mazda,323
Mazda,626
Mazda,B2500
Mazda,Biante
Mazda,Bongo
Mazda,CX-3
Mazda,CX-30
Mazda,CX-5
Mazda,CX-60
Mazda,CX-7
Mazda,CX-80
Mazda,Demio
Mazda,Eunos
Mazda,MPV
Mazda,MX-30
Mazda,MX-5
Mazda,MX-5 RF
Mazda,MX-6
Mazda,Mazda2
Mazda,Mazda2 HYBRID
Mazda,Mazda3
Mazda,Mazda5
Mazda,Mazda6
Mazda,Premacy
Mazda,RX-7
Mazda,RX-8
McLaren,12C
McLaren,540C
McLaren,570GT
McLaren,570S
McLaren,600LT
McLaren,620R
McLaren,650S
McLaren,675LT
McLaren,720S
McLaren,750S
McLaren,765LT
McLaren,Artura
McLaren,GT
McLaren,GTS
McLaren,P1
McLaren,Senna
Mercedes,190
Mercedes,190 Class
Mercedes,190 SL
Mercedes,190 SL Class
Mercedes,200
Mercedes,200 Class
Mercedes,220
Mercedes,220 Class
Mercedes,230
Mercedes,230 Class
Mercedes,230 SL
Mercedes,230 SL Class
Mercedes,250
Mercedes,250 Class
Mercedes,280
Mercedes,280 Class
Mercedes,280 S
Mercedes,280 S Class
Mercedes,280 SL
Mercedes,280 SL Class
Mercedes,300
Mercedes,300 Class
Mercedes,320
Mercedes,320 Class
Mercedes,320 SL
Mercedes,320 SL Class
Mercedes,350 SL
Mercedes,350 SL Class
Mercedes,380
Mercedes,380 Class
Mercedes,450 SL
Mercedes,450 SL Class
Mercedes,500
Mercedes,500 Class
Mercedes,500 SL
Mercedes,500 SL Class
Mercedes,560
Mercedes,560 Class
Mercedes,560SL
Mercedes,560SL Class
Mercedes,600
Mercedes,600 Class
Mercedes,A Class
Mercedes,AMG
Mercedes,AMG Class
Mercedes,AMG GT
Mercedes,AMG GT Class
Mercedes,AMG ONE
Mercedes,AMG ONE Class
Mercedes,B Class
Mercedes,C Class
Mercedes,CE Class
Mercedes,CL
Mercedes,CL Class
Mercedes,CLA
Mercedes,CLA Class
Mercedes,CLC Class
Mercedes,CLE
Mercedes,CLE Class
Mercedes,CLK
Mercedes,CLK Class
Mercedes,CLS
Mercedes,CLS Class
Mercedes,Citan
Mercedes,Citan Class
Mercedes,E Class
Mercedes,EQA
Mercedes,EQA Class
Mercedes,EQB
Mercedes,EQB Class
Mercedes,EQC
Mercedes,EQC Class
Mercedes,EQE
Mercedes,EQE Class
Mercedes,EQS
Mercedes,EQS Class
Mercedes,EQV
Mercedes,EQV Class
Mercedes,G Class
Mercedes,GL Class
Mercedes,GLA
Mercedes,GLA Class
Mercedes,GLB
Mercedes,GLB Class
Mercedes,GLC
Mercedes,GLC Class
Mercedes,GLE
Mercedes,GLE Class
Mercedes,GLS
Mercedes,GLS Class
Mercedes,M Class
Mercedes,Maybach EQS
Mercedes,Maybach EQS Class
Mercedes,Maybach GLS
Mercedes,Maybach GLS Class
Mercedes,Maybach S Class
Mercedes,Maybach SL
Mercedes,Maybach SL Class
Mercedes,R Class
Mercedes,S Class
Mercedes,SEC Series
Mercedes,SEC Series Class
Mercedes,SL
Mercedes,SL Class
Mercedes,SLC
Mercedes,SLC Class
Mercedes,SLK
Mercedes,SLK Class
Mercedes,SLR McLaren
Mercedes,SLR McLaren Class
Mercedes,SLS
Mercedes,SLS Class
Mercedes,Sprinter
Mercedes,Sprinter Class
Mercedes,Traveliner
Mercedes,Traveliner Class
Mercedes,V Class
Mercedes,Vaneo
Mercedes,Vaneo Class
Mercedes,Viano
Mercedes,Viano Class
Mercedes,Vito
Mercedes,Vito Class
Mercedes,X Class
Mercedes,eCitan
Mercedes,eCitan Class
Mercedes,eVito
Mercedes,eVito Class
Micro,Microlino
Micro,Microlino Lite
Mitsubishi,3000GT
Mitsubishi,ASX
Mitsubishi,Carisma
Mitsubishi,Colt
Mitsubishi,Colt Cabriolet
Mitsubishi,Delica
Mitsubishi,Eclipse Cross
Mitsubishi,GTO
Mitsubishi,Grandis
Mitsubishi,L200
Mitsubishi,Lancer
Mitsubishi,Legnum
Mitsubishi,Minicab
Mitsubishi,Mirage
Mitsubishi,Outlander
Mitsubishi,Pajero
Mitsubishi,Pajero Mini
Mitsubishi,Shogun
Mitsubishi,Shogun Pinin
Mitsubishi,Shogun Sport
Mitsubishi,Space Star
Mitsubishi,i
Mitsubishi,i-MiEV
Mitsuoka,Viewt
Morgan,3 Wheeler
Morgan,4/4
Morgan,Aero
Morgan,Plus Eight
Morgan,Plus Four
Morgan,Plus Six
Morgan,Roadster
Morgan,Super 3
Morgan,Supersport
Morris,Isis
Morris,Mini
Morris,Minor
Morris,Oxford
Nardini,Flymobile
Nissan,300 ZX
Nissan,350 GT
Nissan,350 Z
Nissan,370 Z
Nissan,ARIYA
Nissan,Almera
Nissan,Almera Tino
Nissan,Cube
Nissan,Cubic
Nissan,Dayz
Nissan,Elgrand
Nissan,Fairlady
Nissan,Figaro
Nissan,GT-R
Nissan,GT-T
Nissan,Gloria
Nissan,Interstar
Nissan,Juke
Nissan,Kubistar
Nissan,Leaf
Nissan,Micra
Nissan,Micra C+C
Nissan,Murano
Nissan,NV200
Nissan,NV250
Nissan,NV300
Nissan,NV400
Nissan,Navara
Nissan,Note
Nissan,Pathfinder
Nissan,Patrol
Nissan,Patrol GR
Nissan,Pixo
Nissan,Primastar
Nissan,Primera
Nissan,Pulsar
Nissan,Qashqai
Nissan,Qashqai+2
Nissan,Serena
Nissan,Silvia
Nissan,Skyline
Nissan,Skyline 370GT
Nissan,Sunny
Nissan,Terrano
Nissan,Townstar
Nissan,X-Trail
Nissan,e-NV200
Nissan,eNV200 Evalia
Noble,M12
Oldsmobile,Coupe
Omoda,OMODA 5
Omoda,OMODA 9
Omoda,OMODA E5
Opel,ADAM
Opel,Agila
Opel,Ampera
Opel,Antara
Opel,Astra
Opel,Astra Electric
Opel,Astra GTC
Opel,Astra Van
Opel,Calibra
Opel,Carlton
Opel,Cascada
Opel,Cavalier
Opel,Combo
Opel,Combo Electric
Opel,Combo Life
Opel,Combo Life Electric
Opel,Corsa
Opel,Corsa Electric
Opel,Corsa Van
Opel,Crossland
Opel,Crossland X
Opel,Frontera
Opel,Frontera Electric
Opel,Grandland
Opel,Grandland Electric
Opel,Grandland X
Opel,Insignia
Opel,Meriva
Opel,Mokka
Opel,Mokka Electric
Opel,Mokka X
Opel,Monaro
Opel,Movano
Opel,Omega
Opel,Signum
Opel,Tigra
Opel,VX220
Opel,VXR8
Opel,Vectra
Opel,Viva
Opel,Vivaro
Opel,Vivaro Life
Opel,Vivaro Life Electric
Opel,Zafira
Opel,Zafira Tourer
Opel,gtc
Perodua,Kelisa
Perodua,Kenari
Perodua,Myvi
Peugeot,1007
Peugeot,106
Peugeot,107
Peugeot,108
Peugeot,2008
Peugeot,205
Peugeot,206
Peugeot,206 CC
Peugeot,206 SW
Peugeot,207
Peugeot,207 CC
Peugeot,207 SW
Peugeot,208
Peugeot,3008
Peugeot,306
Peugeot,307
Peugeot,307 CC
Peugeot,307 SW
Peugeot,308
Peugeot,308 CC
Peugeot,308 SW
Peugeot,4007
Peugeot,406
Peugeot,407
Peugeot,407 SW
Peugeot,408
Peugeot,5008
Peugeot,508
Peugeot,508 SW
Peugeot,Bipper Tepee
Peugeot,Boxer
Peugeot,E-2008
Peugeot,E-208
Peugeot,E-3008
Peugeot,E-308
Peugeot,E-308 SW
Peugeot,E-408
Peugeot,E-5008
Peugeot,Expert
Peugeot,Expert Tepee
Peugeot,Horizon
Peugeot,Partner
Peugeot,Partner Tepee
Peugeot,RCZ
Peugeot,Rifter
Peugeot,Traveller
Peugeot,e-Partner
Peugeot,e-Rifter
Peugeot,e-Traveller
Peugeot,iOn
Pilgrim,Sumo
Plymouth,Fury
Polestar,Polestar 1
Polestar,Polestar 2
Polestar,Polestar 3
Polestar,Polestar 4
Pontiac,Firebird
Pontiac,Grand AM
Porsche,356
Porsche,718 Boxster
Porsche,718 Cayman
Porsche,718 Spyder
Porsche,911
Porsche,911e
Porsche,912
Porsche,914
Porsche,918
Porsche,924
Porsche,928
Porsche,944
Porsche,968
Porsche,Boxster
Porsche,Carrera GT
Porsche,Cayenne
Porsche,Cayman
Porsche,Macan
Porsche,Panamera
Porsche,Taycan
Porsche Singer,911
Proton,GEN-2
Proton,Savvy
Quantum,H4
RBW,Roadster
RUF,SCR
Radical,Rapture
Ram,1500
Ram,Cobra 427
Reliant,Regal
Reliant,Scimitar
Renault,4
Renault,4 E-Tech electric
Renault,5
Renault,5 E-Tech electric
Renault,Alpine
Renault,Arkana
Renault,Austral
Renault,Captur
Renault,Clio
Renault,Espace
Renault,Grand Espace
Renault,Grand Modus
Renault,Grand Scenic
Renault,Kadjar
Renault,Kangoo
Renault,Kangoo Maxi
Renault,Koleos
Renault,Laguna
Renault,Master
Renault,Megane
Renault,Megane E-Tech
Renault,Modus
Renault,Rafale
Renault,Scenic
Renault,Scenic E-Tech
Renault,Scenic Xmod
Renault,Spider
Renault,Symbioz
Renault,Trafic
Renault,Twingo
Renault,Twizy
Renault,Wind
Renault,Zoe
Reva,G-Wiz
Robin Hood,Lighweight
Rolls-Royce,20/25
Rolls-Royce,Corniche
Rolls-Royce,Cullinan
Rolls-Royce,Cullinan Series II
Rolls-Royce,Dawn
Rolls-Royce,Ghost
Rolls-Royce,Ghost Series II
Rolls-Royce,Park Ward
Rolls-Royce,Phantom
Rolls-Royce,Silver Cloud
Rolls-Royce,Silver Seraph
Rolls-Royce,Silver Shadow
Rolls-Royce,Silver Spirit
Rolls-Royce,Silver Spur
Rolls-Royce,Spectre
Rolls-Royce,Wraith
Rover,100
Rover,200
Rover,25
Rover,400
Rover,45
Rover,60
Rover,600
Rover,75
Rover,75 Tourer
Rover,800
Rover,Cabriolet
Rover,Metro
Rover,Mini
Rover,P5
Rover,P6
Rover,Streetwise
Rover,Tourer
SEAT,Alhambra
SEAT,Altea
SEAT,Altea XL
SEAT,Arona
SEAT,Arosa
SEAT,Ateca
SEAT,CUPRA Ateca
SEAT,CUPRA Leon
SEAT,Exeo
SEAT,Ibiza
SEAT,Leon
SEAT,Mii
SEAT,Tarraco
SEAT,Toledo
Saab,9-3
Saab,9-3X
Saab,9-5
Saab,900
Saab,99
Shelby,Cobra
Skoda,Citigo
Skoda,Elroq
Skoda,Enyaq
Skoda,Fabia
Skoda,Favorit
Skoda,Kamiq
Skoda,Karoq
Skoda,Kodiaq
Skoda,Octavia
Skoda,Rapid
Skoda,Rapid Spaceback
Skoda,Roomster
Skoda,Scala
Skoda,Superb
Skoda,Yeti
Skoda,yeti outdoor
Skywell,BE11
Smart,#1
Smart,#3
Smart,#5
Smart,Roadster
Smart,forfour
Smart,fortwo
SsangYong,Korando
SsangYong,Korando Sports
SsangYong,Korando e-Motion
SsangYong,Musso
SsangYong,Rexton
SsangYong,Rodius
SsangYong,Tivoli
SsangYong,Tivoli XLV
SsangYong,Turismo
Standard,Vanguard
Subaru,BRZ
Subaru,Crosstrek
Subaru,Exiga
Subaru,Forester
Subaru,Forester XT
Subaru,Impreza
Subaru,Justy
Subaru,Legacy
Subaru,Levorg
Subaru,Outback
Subaru,Solterra
Subaru,Tribeca
Subaru,WRX STI
Subaru,XT
Subaru,XV
Sunbeam,Alpine
Suzuki,Across
Suzuki,Alto
Suzuki,Baleno
Suzuki,Carry Wagon
Suzuki,Celerio
Suzuki,Every Wagon
Suzuki,Grand Vitara
Suzuki,Hustler
Suzuki,Ignis
Suzuki,Jimny
Suzuki,Kizashi
Suzuki,Liana
Suzuki,S-Cross
Suzuki,SJ413
Suzuki,SX4
Suzuki,SX4 S-Cross
Suzuki,Solio
Suzuki,Splash
Suzuki,Swace
Suzuki,Swift
Suzuki,Vitara
Suzuki,Wagon R
Suzuki,e Vitara
TVR,350i
TVR,Cerbera
TVR,Chimaera
TVR,Griffith
TVR,S1
TVR,S3
TVR,Tamora
TVR,Tuscan
Tesla,Model 3
Tesla,Model S
Tesla,Model X
Tesla,Model Y
Tesla,Roadster
Tiger,Super Six
Tornado,GT40
Toyota,AYGO
Toyota,Alphard
Toyota,Altezza
Toyota,Aqua
Toyota,Aristo
Toyota,Auris
Toyota,Avensis
Toyota,Avensis Verso
Toyota,Aygo X
Toyota,BB
Toyota,C-HR
Toyota,Caldina
Toyota,Camry
Toyota,Carina E
Toyota,Celica
Toyota,Celsior
Toyota,Century
Toyota,Chaser
Toyota,Corolla
Toyota,Corolla Verso
Toyota,Crown
Toyota,Estima
Toyota,Estima Aeras G
Toyota,FJ Cruiser
Toyota,GR86
Toyota,GT86
Toyota,Granvia
Toyota,Harrier
Toyota,HiAce
Toyota,Highlander
Toyota,Hilux
Toyota,Ipsum
Toyota,Isis
Toyota,Land Cruiser
Toyota,Land Cruiser Amazon
Toyota,Land Cruiser Colorado
Toyota,Lucida
Toyota,MR2
Toyota,Mark X
Toyota,Mirai
Toyota,Noah
Toyota,PROACE CITY Verso
Toyota,PROACE Verso
Toyota,Porte
Toyota,Previa
Toyota,Prius
Toyota,Prius+
Toyota,ProAce
Toyota,RAV4
Toyota,Ractis
Toyota,Raum
Toyota,Sienta
Toyota,Soarer
Toyota,Starlet
Toyota,Starlet Glanza V
Toyota,Supra
Toyota,Surf
Toyota,Urban Cruiser
Toyota,Vellfire
Toyota,Verso
Toyota,Verso S
Toyota,Vitz
Toyota,Voxy
Toyota,Wish
Toyota,Yaris
Toyota,Yaris Cross
Toyota,Yaris Verso
Toyota,bZ4X
Toyota,iQ
Triumph,GT6
Triumph,Herald
Triumph,Spitfire
Triumph,Stag
Triumph,TR4
Triumph,TR5
Triumph,TR6
Triumph,TR7
Triumph,Vitesse
Ultima,CAN-AM
Ultima,GTR
Ultima,Spyder
VRS,Gen 4
VW,Amarok
VW,Arteon
VW,Beach Buggy
VW,Beetle
VW,Bora
VW,CC
VW,Caddy
VW,Caddy California
VW,Caddy California Maxi
VW,Caddy Camper
VW,Caddy Life
VW,Caddy Maxi
VW,Caddy Maxi Life
VW,California
VW,Campervan
VW,Caravelle
VW,Corrado
VW,Crafter
VW,Eos
VW,Fox
VW,Golf
VW,Golf Plus
VW,Golf SV
VW,Grand California
VW,ID. Buzz
VW,ID.3
VW,ID.4
VW,ID.5
VW,ID.7
VW,Jetta
VW,Karmann
VW,Lupo
VW,Multivan
VW,Passat
VW,Phaeton
VW,Polo
VW,Polo LX
VW,Scirocco
VW,Sharan
VW,T-Cross
VW,T-Roc
VW,Taigo
VW,Tayron
VW,Tiguan
VW,Tiguan Allspace
VW,Touareg
VW,Touran
VW,Transporter
VW,Transporter Shuttle
VW,Transporter Sportline
VW,e-Golf
VW,e-Transporter
VW,e-up!
VW,shuttle
VW,up!
Volvo,240
Volvo,264
Volvo,480
Volvo,850
Volvo,960
Volvo,C30
Volvo,C40
Volvo,C70
Volvo,EC40
Volvo,ES90
Volvo,EX30
Volvo,EX30 Cross Country
Volvo,EX40
Volvo,EX90
Volvo,P1800
Volvo,S40
Volvo,S60
Volvo,S80
Volvo,S90
Volvo,V40
Volvo,V40 Cross Country
Volvo,V50
Volvo,V60
Volvo,V60 Cross Country
Volvo,V70
Volvo,V70 Cross Country
Volvo,V90
Volvo,V90 Cross Country
Volvo,XC40
Volvo,XC60
Volvo,XC70
Volvo,XC90
Westfield,1600
Westfield,1800
Westfield,2000
Westfield,Se
Westfield,Sei
Westfield,Sport
Westfield,Xi
XPENG,G6
Zenos,E10
